{
    "preprocessing_summary": {
        "duplicates_removed": 257,
        "outliers_handled": {
            "PM2.5": 3375,
            "PM10": 3244,
            "NO2": 2182,
            "SO2": 1203,
            "CO": 2911,
            "O3": 265
        },
        "missing_before_imputation": {
            "PM2.5": 5993,
            "PM10": 5862,
            "NO2": 4816,
            "SO2": 3837,
            "CO": 5531,
            "O3": 2899
        },
        "missing_after_imputation": {
            "PM2.5": 0,
            "PM10": 0,
            "NO2": 0,
            "SO2": 0,
            "CO": 0,
            "O3": 0
        },
        "preprocessed_rows": 52572,
        "raw_rows": 52829,
        "train_shape": [
            42054,
            6
        ],
        "test_shape": [
            10518,
            6
        ]
    },
    "metrics": {
        "Linear Regression": {
            "MAE": 7.94252050954754,
            "MSE": 95.09169980667362,
            "RMSE": 9.751497311011967,
            "R2": 0.9092213317481915
        },
        "Polynomial Regression": {
            "MAE": 3.984114670498949,
            "MSE": 25.936986648761703,
            "RMSE": 5.092836797774076,
            "R2": 0.9752394256152073
        },
        "Ridge Regression": {
            "MAE": 7.94253360498598,
            "MSE": 95.09108991702254,
            "RMSE": 9.751466039371852,
            "R2": 0.9092219139753513
        },
        "Lasso Regression": {
            "MAE": 7.978077667738064,
            "MSE": 95.61482570330908,
            "RMSE": 9.77828337200907,
            "R2": 0.9087219330380922
        },
        "Support Vector Regression": {
            "MAE": 10.988283098774748,
            "MSE": 625.4852582645701,
            "RMSE": 25.009703282217686,
            "R2": 0.4028845959023307
        },
        "Decision Tree Regression": {
            "MAE": 0.22422079872458106,
            "MSE": 0.37091012654132705,
            "RMSE": 0.6090239129470427,
            "R2": 0.999645913077619
        },
        "Random Forest Regression": {
            "MAE": 0.045958009273909854,
            "MSE": 0.12274520778737864,
            "RMSE": 0.3503501217173738,
            "R2": 0.9998828220915192
        },
        "Artificial Neural Network": {
            "MAE": 1.7253888845443726,
            "MSE": 5.295849323272705,
            "RMSE": 2.301271240699954,
            "R2": 0.9949443340301514
        },
        "LSTM Network": {
            "MAE": 16.21343994140625,
            "MSE": 466.0619812011719,
            "RMSE": 21.58846870903937,
            "R2": 0.5550769567489624
        }
    }
}