{
    "preprocessing_summary": {
        "duplicates_removed": 257,
        "outliers_handled": {
            "PM2.5": 3354,
            "PM10": 3278,
            "NO2": 2201,
            "SO2": 1223,
            "CO": 2899,
            "O3": 185
        },
        "missing_before_imputation": {
            "PM2.5": 5972,
            "PM10": 5896,
            "NO2": 4835,
            "SO2": 3857,
            "CO": 5519,
            "O3": 2819
        },
        "missing_after_imputation": {
            "PM2.5": 0,
            "PM10": 0,
            "NO2": 0,
            "SO2": 0,
            "CO": 0,
            "O3": 0
        },
        "preprocessed_rows": 52572,
        "raw_rows": 52829,
        "train_shape": [
            42054,
            6
        ],
        "test_shape": [
            10518,
            6
        ]
    },
    "metrics": {
        "Linear Regression": {
            "MAE": 8.163802564036185,
            "MSE": 100.43346598543538,
            "RMSE": 10.021649863442414,
            "R2": 0.9021589506498175
        },
        "Polynomial Regression": {
            "MAE": 3.961605088843325,
            "MSE": 26.105625131510045,
            "RMSE": 5.109366411944836,
            "R2": 0.9745682205453325
        },
        "Ridge Regression": {
            "MAE": 8.163774037956673,
            "MSE": 100.43137256352914,
            "RMSE": 10.021545417924779,
            "R2": 0.9021609900357337
        },
        "Lasso Regression": {
            "MAE": 8.200500611958038,
            "MSE": 100.96035309637155,
            "RMSE": 10.047902920329772,
            "R2": 0.9016456636959395
        },
        "Support Vector Regression": {
            "MAE": 10.312660495078857,
            "MSE": 556.5756890388654,
            "RMSE": 23.591856413577663,
            "R2": 0.45779079787746746
        },
        "Decision Tree Regression": {
            "MAE": 0.25261664785407995,
            "MSE": 0.49107283759118014,
            "RMSE": 0.7007658935701566,
            "R2": 0.9995216028714546
        },
        "Random Forest Regression": {
            "MAE": 0.04486742123901324,
            "MSE": 0.11358846332563122,
            "RMSE": 0.3370288761005965,
            "R2": 0.9998893435137699
        },
        "Artificial Neural Network": {
            "MAE": 1.626929521560669,
            "MSE": 4.925755023956299,
            "RMSE": 2.2194042047261915,
            "R2": 0.9952014088630676
        },
        "LSTM Network": {
            "MAE": 15.64966106414795,
            "MSE": 433.1298828125,
            "RMSE": 20.81177269750225,
            "R2": 0.5780502557754517
        }
    }
}