{
    "preprocessing_summary": {
        "duplicates_removed": 257,
        "outliers_handled": {
            "PM2.5": 3439,
            "PM10": 3256,
            "NO2": 2234,
            "SO2": 1174,
            "CO": 3089,
            "O3": 206
        },
        "missing_before_imputation": {
            "PM2.5": 6057,
            "PM10": 5874,
            "NO2": 4868,
            "SO2": 3808,
            "CO": 5709,
            "O3": 2840
        },
        "missing_after_imputation": {
            "PM2.5": 0,
            "PM10": 0,
            "NO2": 0,
            "SO2": 0,
            "CO": 0,
            "O3": 0
        },
        "preprocessed_rows": 52572,
        "raw_rows": 52829,
        "train_shape": [
            42054,
            6
        ],
        "test_shape": [
            10518,
            6
        ]
    },
    "metrics": {
        "Linear Regression": {
            "MAE": 8.026738744496912,
            "MSE": 96.73576706229152,
            "RMSE": 9.835434258958346,
            "R2": 0.9060536626593498
        },
        "Polynomial Regression": {
            "MAE": 3.893997680127982,
            "MSE": 24.702911341215014,
            "RMSE": 4.970202344091739,
            "R2": 0.9760094108659567
        },
        "Ridge Regression": {
            "MAE": 8.026735644953115,
            "MSE": 96.73434023200333,
            "RMSE": 9.83536172349565,
            "R2": 0.906055048346192
        },
        "Lasso Regression": {
            "MAE": 8.061348368165518,
            "MSE": 97.22025296439877,
            "RMSE": 9.86003311172933,
            "R2": 0.9055831471780714
        },
        "Support Vector Regression": {
            "MAE": 11.199177009399438,
            "MSE": 634.0701667683642,
            "RMSE": 25.180749924661978,
            "R2": 0.3842135996450541
        },
        "Decision Tree Regression": {
            "MAE": 0.22087588465972408,
            "MSE": 0.35300861931931726,
            "RMSE": 0.5941452846899631,
            "R2": 0.999657170580832
        },
        "Random Forest Regression": {
            "MAE": 0.04094873899660411,
            "MSE": 0.0872662821657328,
            "RMSE": 0.29540866975383917,
            "R2": 0.9999152500896847
        },
        "Artificial Neural Network": {
            "MAE": 1.4598603248596191,
            "MSE": 3.7631540298461914,
            "RMSE": 1.9398850558335128,
            "R2": 0.9963453412055969
        },
        "LSTM Network": {
            "MAE": 15.581759452819824,
            "MSE": 438.260009765625,
            "RMSE": 20.934660488425052,
            "R2": 0.5743774175643921
        }
    }
}